id,first_name,last_name,email,gender,ip_address
1,Camilla,Pires,cpires0@instagram.com,Female,39.79.137.42
2,Alecia,Le Surf,alesurf1@example.com,Female,85.87.66.86
3,Chiarra,Troutbeck,ctroutbeck2@twitpic.com,Female,3.250.56.144
4,Glenden,Sleite,gsleite3@walmart.com,Male,242.92.195.58
5,Kylen,Godly,kgodly4@surveymonkey.com,Female,14.78.170.126
6,Orlando,Durant,odurant5@princeton.edu,Male,63.50.49.117
7,Cookie,Petteford,cpetteford6@about.me,Female,79.109.85.131
8,Clare,Yakuntzov,cyakuntzov7@pinterest.com,Male,151.87.175.147
9,Kriste,Huncote,khuncote8@123-reg.co.uk,Female,8.202.34.200
10,Celestina,Kenway,ckenway9@multiply.com,Female,217.253.240.4
11,Bellina,Mackieson,bmackiesona@rakuten.co.jp,Female,27.90.72.217
12,Bucky,Janic,bjanicb@theatlantic.com,Male,185.26.208.79
13,Netti,Onions,nonionsc@redcross.org,Female,109.163.44.67
14,Bryana,Dunnet,bdunnetd@microsoft.com,Female,249.14.169.91
15,Joelly,Bank,jbanke@slate.com,Female,171.69.250.127
16,Clarissa,Lahy,clahyf@cbslocal.com,Female,237.43.75.17
17,Doe,Manlow,dmanlowg@independent.co.uk,Female,152.138.66.86
18,Mattie,Whiterod,mwhiterodh@marriott.com,Genderqueer,66.64.27.184
19,Javier,Eades,jeadesi@yahoo.com,Male,55.145.251.92
20,Rickie,Boullin,rboullinj@nifty.com,Male,231.90.15.38
21,Maje,Shurmer,mshurmerk@sogou.com,Male,10.210.75.82
22,Bartholemy,Van Son,bvansonl@sohu.com,Bigender,40.182.221.68
23,Yevette,Barbey,ybarbeym@rambler.ru,Female,140.38.59.169
24,Virgie,Swayton,vswaytonn@facebook.com,Genderqueer,35.173.154.73
25,Abagael,Schanke,aschankeo@mac.com,Female,81.153.88.144
26,Sam,Trevino,strevinop@intel.com,Female,96.164.66.180
27,Esmeralda,Trayling,etraylingq@pcworld.com,Female,28.144.213.66
28,Ines,Costerd,icosterdr@yellowpages.com,Female,65.112.159.8
29,Dredi,Yitzovicz,dyitzoviczs@howstuffworks.com,Female,4.151.177.136
30,Wallis,Fernely,wfernelyt@sun.com,Male,43.238.8.9
31,Doris,Hamson,dhamsonu@ocn.ne.jp,Female,252.125.122.87
32,Jonell,Dyneley,jdyneleyv@wikispaces.com,Female,52.41.177.35
33,Rosetta,Weiser,rweiserw@desdev.cn,Female,172.59.218.251
34,Hurley,Luttger,hluttgerx@dion.ne.jp,Male,110.249.76.236
35,Nathaniel,Smyth,nsmythy@ftc.gov,Male,125.176.37.50
36,Haven,Low,hlowz@ebay.com,Male,219.112.22.195
37,Toinette,Tommen,ttommen10@reference.com,Female,101.223.70.129
38,Trish,Sallery,tsallery11@wikia.com,Agender,77.146.130.165
39,Meta,Guerri,mguerri12@baidu.com,Female,7.62.170.221
40,Pamela,Evetts,pevetts13@bing.com,Female,51.195.135.35
41,Linnell,McManus,lmcmanus14@ovh.net,Female,155.204.3.210
42,Marianna,Cheeke,mcheeke15@buzzfeed.com,Female,0.97.13.21
43,Maxim,Vanyushkin,mvanyushkin16@google.co.jp,Male,86.241.98.221
44,Marja,Stang-Gjertsen,mstanggjertsen17@etsy.com,Female,227.52.175.59
45,Elena,Gansbuhler,egansbuhler18@devhub.com,Genderqueer,254.48.115.68
46,Guthrey,Tenney,gtenney19@bluehost.com,Male,101.109.63.29
47,Osbourne,Gribbon,ogribbon1a@jigsy.com,Male,205.22.223.54
48,Pierrette,Shearsby,pshearsby1b@oracle.com,Female,98.217.190.242
49,Katherina,Ablewhite,kablewhite1c@google.fr,Female,21.23.185.135
50,Thadeus,Revett,trevett1d@rambler.ru,Male,203.197.109.61
51,Flynn,Durtnell,fdurtnell1e@goo.ne.jp,Male,129.217.198.51
52,Hoebart,Whaymand,hwhaymand1f@creativecommons.org,Male,84.40.145.48
53,Prinz,Southcombe,psouthcombe1g@nps.gov,Male,150.196.94.249
54,Daryn,Allwell,dallwell1h@jimdo.com,Female,254.242.177.251
55,Annmaria,Sappy,asappy1i@topsy.com,Female,186.128.103.254
56,Dall,Danielkiewicz,ddanielkiewicz1j@tinyurl.com,Male,15.125.135.102
57,Husain,Limming,hlimming1k@upenn.edu,Male,92.89.216.46
58,Filia,Wrotchford,fwrotchford1l@trellian.com,Female,252.178.153.125
59,Brantley,Domek,bdomek1m@flavors.me,Male,251.184.191.93
60,Mabel,Nice,mnice1n@npr.org,Female,170.202.77.11
61,Ibbie,Tedstone,itedstone1o@dailymail.co.uk,Female,191.116.178.144
62,Sutton,Detoile,sdetoile1p@ifeng.com,Male,61.215.205.124
63,Edita,Heinl,eheinl1q@msn.com,Female,20.226.58.11
64,Alvinia,Plimmer,aplimmer1r@csmonitor.com,Female,246.146.42.116
65,Camile,Mashro,cmashro1s@facebook.com,Female,197.240.19.179
66,Iggie,Knowler,iknowler1t@sbwire.com,Male,59.98.7.59
67,Alleyn,Micheli,amicheli1u@friendfeed.com,Male,226.72.129.238
68,Bud,McKmurrie,bmckmurrie1v@ted.com,Male,5.194.51.162
69,Glyn,Gregor,ggregor1w@devhub.com,Male,124.243.214.45
70,Saree,Roston,sroston1x@google.pl,Female,110.6.2.75
71,Bobbi,Aaronson,baaronson1y@gizmodo.com,Female,88.155.233.134
72,Bobinette,Delgardo,bdelgardo1z@theatlantic.com,Female,29.244.23.197
73,Caren,Hierro,chierro20@tinypic.com,Female,131.146.150.179
74,Tiphanie,Jory,tjory21@phoca.cz,Female,77.153.130.16
75,Gussi,Cato,gcato22@ifeng.com,Female,244.92.244.178
76,Stefano,Carthew,scarthew23@comsenz.com,Male,160.32.101.158
77,Bartholomew,Leys,bleys24@noaa.gov,Male,139.136.129.24
78,Violetta,Jaqueminet,vjaqueminet25@github.io,Female,162.234.7.42
79,Hildagard,Thulborn,hthulborn26@theatlantic.com,Female,157.203.192.218
80,Adelbert,Georgi,ageorgi27@omniture.com,Male,114.90.237.111
81,Richmound,McCamish,rmccamish28@addtoany.com,Male,107.143.248.98
82,Rollin,Dansken,rdansken29@rediff.com,Male,52.129.3.83
83,Martainn,Fearnley,mfearnley2a@histats.com,Male,11.21.133.60
84,Filmore,Bolam,fbolam2b@theguardian.com,Male,76.41.61.113
85,Clay,Jeakins,cjeakins2c@dell.com,Male,135.94.191.254
86,Dara,Mullis,dmullis2d@phoca.cz,Female,106.139.240.156
87,Umberto,Petzolt,upetzolt2e@europa.eu,Male,217.118.95.84
88,Roddy,Vesty,rvesty2f@tinypic.com,Male,221.86.178.135
89,Sabra,Newson,snewson2g@behance.net,Female,193.170.233.104
90,Kara-lynn,Ruckman,kruckman2h@telegraph.co.uk,Female,133.94.141.35
91,Malanie,Seston,mseston2i@instagram.com,Polygender,71.87.97.58
92,Vanya,Ballentime,vballentime2j@wsj.com,Male,2.102.210.126
93,Daloris,Geraudy,dgeraudy2k@oakley.com,Female,14.73.106.96
94,Wyn,Trassler,wtrassler2l@state.gov,Male,177.127.70.71
95,Gerik,Ovitts,govitts2m@bravesites.com,Genderqueer,126.195.245.56
96,Normy,Baptista,nbaptista2n@liveinternet.ru,Male,253.98.221.243
97,Ysabel,Shinton,yshinton2o@github.io,Female,63.88.43.82
98,Cacilia,Ritchley,critchley2p@reuters.com,Female,107.138.146.85
99,Jeffry,Clemoes,jclemoes2q@angelfire.com,Agender,24.169.62.73
100,Fianna,Baert,fbaert2r@uol.com.br,Female,12.147.17.185
101,Koralle,Von Hindenburg,kvonhindenburg2s@typepad.com,Female,162.173.86.192
102,Leif,Mathelon,lmathelon2t@barnesandnoble.com,Male,138.224.157.175
103,Stacey,Millea,smillea2u@google.ca,Female,131.56.219.183
104,Forester,Fieldsend,ffieldsend2v@uol.com.br,Male,178.80.3.82
105,Joshuah,Cawkill,jcawkill2w@comsenz.com,Male,237.35.213.196
106,Donelle,Ebbotts,debbotts2x@amazon.co.uk,Non-binary,239.247.242.125
107,Alys,Storkes,astorkes2y@yelp.com,Female,190.157.149.160
108,Haily,Dearl,hdearl2z@apache.org,Male,225.209.53.132
109,Elnar,Inglese,einglese30@typepad.com,Male,163.196.191.76
110,Susannah,Rand,srand31@mlb.com,Female,126.148.199.155
111,Cross,Farnish,cfarnish32@eventbrite.com,Agender,255.57.80.109
112,Aubine,Bavidge,abavidge33@vkontakte.ru,Genderqueer,83.122.5.123
113,Elnar,Luquet,eluquet34@vinaora.com,Male,224.55.63.42
114,Natalie,Letertre,nletertre35@chronoengine.com,Female,237.8.138.205
115,Romy,Torel,rtorel36@samsung.com,Female,4.95.68.38
116,Cirstoforo,Macieja,cmacieja37@elpais.com,Male,233.232.0.69
117,Shepard,Probbin,sprobbin38@opensource.org,Male,148.250.79.59
118,Evelyn,Isted,eisted39@latimes.com,Male,135.74.36.75
119,Oralle,Donahue,odonahue3a@prweb.com,Bigender,135.23.116.56
120,Mohandas,Bowne,mbowne3b@google.com.au,Male,120.147.98.144
121,Averyl,Ballach,aballach3c@dot.gov,Female,224.89.175.192
122,Steward,Dowden,sdowden3d@bloomberg.com,Male,190.79.251.253
123,Dynah,Farmery,dfarmery3e@cocolog-nifty.com,Female,77.13.139.113
124,Amanda,Crown,acrown3f@salon.com,Female,100.59.179.39
125,Cissiee,Langfield,clangfield3g@hexun.com,Female,228.184.51.221
126,Dania,Swatheridge,dswatheridge3h@independent.co.uk,Female,148.45.215.74
127,Sandra,Avramov,savramov3i@zdnet.com,Female,67.140.147.64
128,Esteban,Waddilow,ewaddilow3j@google.com,Male,71.195.208.27
129,Mike,Dutch,mdutch3k@hubpages.com,Male,134.253.80.139
130,Alix,Hallewell,ahallewell3l@hud.gov,Female,233.169.4.40
131,Karissa,Yardley,kyardley3m@naver.com,Female,159.177.64.117
132,Marji,Jilliss,mjilliss3n@webeden.co.uk,Female,90.202.67.231
133,Burnaby,Shottin,bshottin3o@archive.org,Male,146.116.134.223
134,Cece,Christy,cchristy3p@drupal.org,Male,226.183.190.110
135,Dulcea,Templeton,dtempleton3q@msn.com,Female,129.217.13.57
136,Ellsworth,Baudouin,ebaudouin3r@weather.com,Male,85.72.253.126
137,Owen,Presland,opresland3s@canalblog.com,Male,57.107.125.160
138,Charisse,Coggen,ccoggen3t@ycombinator.com,Genderfluid,113.74.223.232
139,Perceval,Caro,pcaro3u@sitemeter.com,Male,90.159.90.207
140,Thain,Hanlin,thanlin3v@cnn.com,Male,179.45.158.61
141,Leila,Blackhall,lblackhall3w@apache.org,Female,85.222.165.77
142,Warden,Sliney,wsliney3x@washington.edu,Male,87.104.121.83
143,Welsh,Scarasbrick,wscarasbrick3y@delicious.com,Male,209.253.203.40
144,Dominica,Hadfield,dhadfield3z@rambler.ru,Female,125.93.80.243
145,Bord,Robshaw,brobshaw40@dion.ne.jp,Male,116.126.195.135
146,Tabby,Kanter,tkanter41@cam.ac.uk,Male,168.72.99.235
147,Fifine,Gaggen,fgaggen42@forbes.com,Female,103.64.73.182
148,Aridatha,Piner,apiner43@surveymonkey.com,Female,247.105.139.169
149,Noella,Corck,ncorck44@aboutads.info,Female,48.165.157.12
150,Lexi,Librey,llibrey45@ycombinator.com,Female,18.170.35.200
151,Fidelio,Mellenby,fmellenby46@ucla.edu,Male,196.51.180.107
152,Amity,Arsey,aarsey47@unicef.org,Female,211.21.21.204
153,Ilise,Dover,idover48@pinterest.com,Female,244.114.84.97
154,Pascale,Liell,pliell49@twitpic.com,Male,124.205.218.26
155,Margot,Mottram,mmottram4a@ebay.com,Bigender,154.249.43.137
156,Lemmy,Scholefield,lscholefield4b@nyu.edu,Genderqueer,235.134.18.6
157,Ofelia,Backshell,obackshell4c@nsw.gov.au,Female,33.8.167.110
158,Tobias,Bussen,tbussen4d@un.org,Male,229.7.21.109
159,Biron,Corkish,bcorkish4e@mit.edu,Male,127.182.219.156
160,Lamar,Crellim,lcrellim4f@harvard.edu,Male,59.88.189.187
161,Remy,Fawcus,rfawcus4g@desdev.cn,Female,190.186.10.222
162,Udale,Slad,uslad4h@gnu.org,Male,100.22.165.33
163,Bernie,Dight,bdight4i@blog.com,Male,107.204.156.47
164,Zach,Vankov,zvankov4j@nytimes.com,Genderqueer,156.242.94.33
165,Nikolia,Cheale,ncheale4k@apple.com,Female,77.83.5.66
166,Francine,Syddall,fsyddall4l@whitehouse.gov,Female,178.204.51.4
167,Bren,Othick,bothick4m@opera.com,Male,95.180.220.16
168,Lilith,Heggman,lheggman4n@microsoft.com,Female,169.214.3.156
169,Myrle,McAlindon,mmcalindon4o@tumblr.com,Female,149.190.223.141
170,Cody,Stanbro,cstanbro4p@twitpic.com,Male,91.35.144.40
171,Mira,Donativo,mdonativo4q@go.com,Female,130.30.174.34
172,Mill,Urling,murling4r@diigo.com,Genderqueer,145.253.24.239
173,Ive,Haugen,ihaugen4s@skype.com,Male,44.82.165.102
174,Thorpe,Birchill,tbirchill4t@webs.com,Male,224.192.168.175
175,Alphonso,Roddy,aroddy4u@dedecms.com,Male,151.115.189.81
176,Zackariah,Rosenberger,zrosenberger4v@xing.com,Male,120.119.202.52
177,Artus,McFater,amcfater4w@marriott.com,Male,46.105.180.28
178,Forest,Leveret,fleveret4x@noaa.gov,Male,245.178.252.31
179,Normand,Readwing,nreadwing4y@yahoo.com,Male,56.148.38.204
180,Normie,Holdey,nholdey4z@marketwatch.com,Agender,236.121.207.230
181,Giustino,Colafate,gcolafate50@scribd.com,Male,142.149.155.153
182,Cherilyn,Hunnaball,chunnaball51@home.pl,Female,137.197.41.236
183,Gretchen,Liversley,gliversley52@angelfire.com,Female,96.27.41.200
184,Cody,Castagnet,ccastagnet53@sfgate.com,Male,243.214.167.71
185,Jyoti,Rostern,jrostern54@jimdo.com,Female,29.69.113.52
186,Sonny,Heikkinen,sheikkinen55@about.com,Genderqueer,121.249.100.34
187,Roman,Fehner,rfehner56@over-blog.com,Male,165.247.19.250
188,Shantee,Croose,scroose57@de.vu,Genderfluid,208.177.92.141
189,Gwenore,Jochen,gjochen58@cafepress.com,Female,207.23.74.254
190,Issiah,Wellstead,iwellstead59@geocities.com,Bigender,169.64.122.106
191,Riordan,Rizzardi,rrizzardi5a@amazon.co.jp,Male,40.209.63.139
192,Rosanna,Bruno,rbruno5b@irs.gov,Female,95.24.65.142
193,Ettore,Burlingame,eburlingame5c@yandex.ru,Male,147.171.96.168
194,Marylee,Pagan,mpagan5d@odnoklassniki.ru,Female,27.62.168.218
195,Sonja,Mead,smead5e@blinklist.com,Female,64.203.175.125
196,Hannah,Asple,hasple5f@bizjournals.com,Female,31.16.33.9
197,Clair,Korfmann,ckorfmann5g@washington.edu,Agender,88.100.230.81
198,Maynord,Vann,mvann5h@opensource.org,Male,82.108.245.69
199,Dorian,Ramirez,dramirez5i@google.com.au,Genderfluid,57.119.218.143
200,Philbert,Palser,ppalser5j@nymag.com,Male,85.212.203.222
201,Lisha,Cusiter,lcusiter5k@cam.ac.uk,Female,255.31.95.94
202,Aleda,Measor,ameasor5l@virginia.edu,Female,204.111.125.73
203,Gareth,Yepiskopov,gyepiskopov5m@ft.com,Genderfluid,40.223.180.95
204,Madeleine,Rapps,mrapps5n@php.net,Genderfluid,244.50.114.50
205,Borden,Lissaman,blissaman5o@hibu.com,Agender,118.181.228.132
206,Aaron,Pereira,apereira5p@ebay.com,Male,164.169.179.151
207,Pearle,Redmille,predmille5q@wsj.com,Female,58.72.60.40
208,Bartholomeo,Trowsdall,btrowsdall5r@xrea.com,Male,35.103.212.167
209,Clara,Brindley,cbrindley5s@census.gov,Female,57.238.7.231
210,Alyda,McGairl,amcgairl5t@latimes.com,Female,244.243.122.104
211,Tamara,Oliver-Paull,toliverpaull5u@goodreads.com,Female,32.234.142.186
212,Deni,Wray,dwray5v@google.es,Female,114.194.98.213
213,Rowen,Radloff,rradloff5w@artisteer.com,Male,97.28.42.172
214,Bridgette,Antoniewicz,bantoniewicz5x@tuttocitta.it,Female,41.249.240.210
215,Claretta,Albone,calbone5y@is.gd,Female,246.175.17.19
216,Dante,Peppard,dpeppard5z@booking.com,Bigender,4.104.131.1
217,Isac,Skully,iskully60@elegantthemes.com,Male,12.9.58.128
218,Paco,Deverille,pdeverille61@gmpg.org,Male,216.170.245.242
219,Dannie,Slater,dslater62@yelp.com,Female,175.183.214.217
220,Valenka,Cutten,vcutten63@lulu.com,Female,145.15.115.196
221,Anestassia,Sivess,asivess64@senate.gov,Bigender,48.247.216.226
222,Lizbeth,Bantick,lbantick65@yahoo.co.jp,Female,177.19.124.169
223,Herbie,Roberson,hroberson66@wsj.com,Male,229.212.41.126
224,Paulie,Wallas,pwallas67@360.cn,Male,136.241.230.186
225,Fayina,Charon,fcharon68@patch.com,Female,153.141.43.16
226,Noami,Redihough,nredihough69@comcast.net,Female,55.200.133.169
227,Grant,Wolfers,gwolfers6a@nature.com,Male,169.45.13.235
228,Derril,Rhydderch,drhydderch6b@sogou.com,Male,146.89.215.8
229,Ardelle,Groves,agroves6c@merriam-webster.com,Female,103.234.206.32
230,Jorgan,Haddacks,jhaddacks6d@nbcnews.com,Male,112.244.25.158
231,Renelle,Gherarducci,rgherarducci6e@washington.edu,Genderqueer,165.216.253.207
232,Menard,Fawson,mfawson6f@scribd.com,Male,102.68.139.80
233,Lou,Janoschek,ljanoschek6g@nytimes.com,Male,113.142.163.181
234,Brier,Allcorn,ballcorn6h@independent.co.uk,Female,251.137.65.224
235,Denver,Balme,dbalme6i@upenn.edu,Male,238.159.173.88
236,Shawna,Piggford,spiggford6j@taobao.com,Female,190.198.75.237
237,Lind,Poundford,lpoundford6k@csmonitor.com,Female,219.40.132.210
238,Con,Passy,cpassy6l@slashdot.org,Male,45.127.152.215
239,Dexter,Sterman,dsterman6m@paypal.com,Male,51.24.182.160
240,Welby,Moffet,wmoffet6n@earthlink.net,Male,73.117.16.189
241,Norry,Symes,nsymes6o@hp.com,Male,157.105.230.148
242,Caril,Aicheson,caicheson6p@edublogs.org,Polygender,59.227.51.83
243,Ellary,Debney,edebney6q@stanford.edu,Male,250.107.38.55
244,Care,Dominichetti,cdominichetti6r@domainmarket.com,Male,228.45.245.227
245,Pietro,Riddle,priddle6s@state.gov,Male,148.166.45.0
246,Bordie,Masse,bmasse6t@newyorker.com,Male,117.17.108.217
247,Fran,Goulborn,fgoulborn6u@blogger.com,Female,118.24.141.164
248,Bengt,Spedroni,bspedroni6v@sohu.com,Male,82.7.17.174
249,Maxy,Pettit,mpettit6w@i2i.jp,Female,19.57.57.97
250,Ada,Ceaser,aceaser6x@forbes.com,Female,81.56.56.231
251,Steffen,Kupec,skupec6y@desdev.cn,Male,140.181.162.105
252,Linnell,Haggis,lhaggis6z@typepad.com,Female,92.49.152.105
253,Lyndel,Saddler,lsaddler70@nba.com,Female,128.209.120.66
254,Quintin,Marini,qmarini71@blogtalkradio.com,Male,73.65.175.74
255,Lucienne,Weatherburn,lweatherburn72@hhs.gov,Female,215.53.54.121
256,Arly,McAsgill,amcasgill73@com.com,Female,24.26.30.126
257,Artemus,Galtone,agaltone74@i2i.jp,Male,241.142.180.143
258,Blakelee,Roll,broll75@posterous.com,Female,115.200.245.119
259,Glory,Sheringham,gsheringham76@stanford.edu,Polygender,10.197.218.185
260,Abbe,Zanini,azanini77@state.gov,Male,119.16.119.35
261,Ines,Alu,ialu78@spiegel.de,Female,224.227.139.235
262,Ellissa,Hanford,ehanford79@baidu.com,Female,145.107.109.190
263,Brocky,Croxton,bcroxton7a@sciencedirect.com,Genderqueer,94.238.76.74
264,Binny,Glandon,bglandon7b@nasa.gov,Female,80.168.188.51
265,Anabella,Thowes,athowes7c@github.io,Female,157.250.120.247
266,Nomi,Wennam,nwennam7d@ucsd.edu,Female,224.117.46.202
267,Danyelle,Grzesiak,dgrzesiak7e@squidoo.com,Female,252.67.88.224
268,Dudley,Boseley,dboseley7f@rakuten.co.jp,Bigender,55.10.60.175
269,Minor,Spurdens,mspurdens7g@alibaba.com,Male,116.7.232.171
270,Ty,Ellingsworth,tellingsworth7h@newsvine.com,Male,148.70.99.247
271,Zeke,Carde,zcarde7i@twitter.com,Male,119.97.143.173
272,Eugenio,Tschirasche,etschirasche7j@wix.com,Male,251.184.33.37
273,Verney,Gillean,vgillean7k@hp.com,Male,38.211.127.204
274,Lucky,Dockery,ldockery7l@google.com.au,Female,112.88.189.190
275,Dinnie,McMichael,dmcmichael7m@google.com.br,Agender,29.153.67.8
276,Jessee,Stading,jstading7n@nymag.com,Male,38.131.237.176
277,Linc,Pattenden,lpattenden7o@latimes.com,Non-binary,122.164.33.16
278,Zoe,Janic,zjanic7p@senate.gov,Female,102.219.26.246
279,Bondy,Gyde,bgyde7q@skype.com,Male,110.97.39.120
280,Beulah,Deely,bdeely7r@cbc.ca,Female,134.76.133.211
281,Rudd,Aldiss,raldiss7s@examiner.com,Male,85.142.5.19
282,Raffarty,Rubery,rrubery7t@imgur.com,Male,236.5.207.207
283,Rosemonde,Phelps,rphelps7u@newsvine.com,Female,193.34.172.225
284,Iggy,Rockell,irockell7v@twitpic.com,Male,0.175.197.96
285,Tilda,Barz,tbarz7w@gov.uk,Female,39.99.70.99
286,Jolynn,Malkie,jmalkie7x@utexas.edu,Female,212.104.48.60
287,Jermaine,Drewson,jdrewson7y@live.com,Female,234.226.10.12
288,Craig,Skirrow,cskirrow7z@dyndns.org,Male,224.31.82.118
289,Belle,Frawley,bfrawley80@aol.com,Female,118.150.67.32
290,Ram,Galvan,rgalvan81@google.ca,Male,16.88.229.57
291,Aila,Emmett,aemmett82@mapquest.com,Female,239.37.70.186
292,Wells,Seccombe,wseccombe83@ehow.com,Male,132.102.141.170
293,Regan,Noads,rnoads84@irs.gov,Female,37.9.173.10
294,Elaine,McGlue,emcglue85@exblog.jp,Female,230.251.29.179
295,Fidole,Rushby,frushby86@imdb.com,Male,221.166.209.141
296,Boyd,Tinker,btinker87@hubpages.com,Male,170.238.253.153
297,Jessamine,Musker,jmusker88@t.co,Female,224.138.48.67
298,Dorene,O'Doogan,dodoogan89@cmu.edu,Genderqueer,56.238.54.138
299,Christina,Soper,csoper8a@amazonaws.com,Female,11.164.116.234
300,Loleta,Bernardes,lbernardes8b@ihg.com,Female,30.11.181.98
301,Carmelle,Gwilliams,cgwilliams8c@economist.com,Female,63.148.136.235
302,Bentley,Hannigan,bhannigan8d@wordpress.org,Male,24.60.106.111
303,Vince,Emlin,vemlin8e@buzzfeed.com,Male,34.157.250.129
304,Cesya,Youell,cyouell8f@netvibes.com,Female,131.26.164.208
305,Felecia,Adamovsky,fadamovsky8g@icio.us,Female,244.172.127.239
306,Dyan,Reims,dreims8h@cdbaby.com,Female,142.60.177.89
307,Marwin,Rapa,mrapa8i@princeton.edu,Male,96.152.109.173
308,Sloane,Jurgen,sjurgen8j@techcrunch.com,Male,0.218.155.5
309,Findlay,McLarens,fmclarens8k@alibaba.com,Male,105.114.208.213
310,Johan,Gravell,jgravell8l@nature.com,Genderqueer,92.176.44.196
311,Shermie,Planks,splanks8m@cdbaby.com,Non-binary,199.82.247.181
312,Pepi,Engel,pengel8n@opera.com,Female,69.44.162.33
313,Gretel,Aldred,galdred8o@bbc.co.uk,Female,198.35.68.244
314,Korry,Aistrop,kaistrop8p@simplemachines.org,Female,59.205.141.63
315,Shana,Chesters,schesters8q@cam.ac.uk,Female,197.147.35.46
316,Scott,Jouannin,sjouannin8r@bing.com,Male,6.172.134.116
317,Twyla,Jenik,tjenik8s@slashdot.org,Female,31.196.23.242
318,Caron,Grogor,cgrogor8t@google.fr,Female,207.162.9.218
319,Shae,Danielli,sdanielli8u@instagram.com,Male,83.111.165.27
320,Robinet,Currer,rcurrer8v@ovh.net,Genderqueer,234.226.189.230
321,Donna,Venn,dvenn8w@google.com,Female,248.87.19.67
322,Allianora,Klimowski,aklimowski8x@biglobe.ne.jp,Female,194.167.209.3
323,Horatio,Josipovitz,hjosipovitz8y@senate.gov,Male,171.225.246.239
324,Julianna,Walklot,jwalklot8z@flickr.com,Non-binary,29.238.141.217
325,Leonore,Truman,ltruman90@ucoz.ru,Genderqueer,40.97.126.52
326,Jarred,Dukes,jdukes91@nbcnews.com,Male,73.93.251.93
327,Katey,Rontree,krontree92@amazonaws.com,Genderqueer,118.17.46.104
328,Augustin,Hoogendorp,ahoogendorp93@facebook.com,Male,94.134.229.201
329,Tyler,Goor,tgoor94@ow.ly,Male,101.10.61.198
330,Marylin,Cumberbatch,mcumberbatch95@uiuc.edu,Female,233.52.78.16
331,Carleton,Simmell,csimmell96@time.com,Male,136.68.94.164
332,Tessie,Antwis,tantwis97@sohu.com,Female,46.126.161.179
333,Agnesse,Fittis,afittis98@feedburner.com,Bigender,96.195.42.8
334,Nickey,Grealish,ngrealish99@ask.com,Male,229.51.107.11
335,Rustin,Beeze,rbeeze9a@stanford.edu,Male,46.67.251.36
336,Shem,Ferne,sferne9b@nbcnews.com,Male,100.139.146.21
337,Evonne,Tenpenny,etenpenny9c@tinypic.com,Female,166.134.228.163
338,Regina,Gimert,rgimert9d@java.com,Female,33.202.145.150
339,Corine,Tottie,ctottie9e@mediafire.com,Polygender,183.123.176.0
340,Jori,Myrkus,jmyrkus9f@cnn.com,Female,14.250.17.224
341,Lorin,Lamblot,llamblot9g@mac.com,Male,21.228.81.178
342,Poppy,MacGilmartin,pmacgilmartin9h@studiopress.com,Female,151.127.146.158
343,Modestine,Willavize,mwillavize9i@epa.gov,Polygender,35.195.184.143
344,Elia,Riggoll,eriggoll9j@de.vu,Male,137.73.10.177
345,Moises,Bremmer,mbremmer9k@ask.com,Non-binary,25.190.31.49
346,Robin,Fitchett,rfitchett9l@narod.ru,Female,73.236.187.60
347,Toby,Tidman,ttidman9m@ask.com,Female,172.168.44.200
348,Kimberli,Sansbury,ksansbury9n@ucla.edu,Female,53.57.56.210
349,Creigh,Saggs,csaggs9o@gmpg.org,Male,128.102.118.178
350,Christabel,Bellee,cbellee9p@goo.gl,Female,80.26.7.89
351,Wrennie,Nobbs,wnobbs9q@umich.edu,Female,45.186.198.24
352,Myrna,Matschuk,mmatschuk9r@cbsnews.com,Agender,25.210.136.42
353,Rori,Ledner,rledner9s@flickr.com,Female,58.135.166.187
354,Courtney,Dranfield,cdranfield9t@weibo.com,Male,232.86.137.44
355,Ikey,Deakin,ideakin9u@nbcnews.com,Male,244.193.158.154
356,Angel,Martygin,amartygin9v@gizmodo.com,Female,195.173.191.211
357,Ethelred,Richardt,erichardt9w@go.com,Male,86.60.245.18
358,Antonella,Yves,ayves9x@uiuc.edu,Female,249.83.183.73
359,Jenda,Salliere,jsalliere9y@aol.com,Female,34.252.213.20
360,Klara,Raddenbury,kraddenbury9z@gravatar.com,Female,91.146.22.241
361,Moshe,Tregunnah,mtregunnaha0@indiegogo.com,Male,52.178.170.87
362,Fons,Prendergrast,fprendergrasta1@usnews.com,Genderqueer,17.18.35.133
363,Cassaundra,Baptiste,cbaptistea2@huffingtonpost.com,Female,12.89.175.96
364,Sharl,Donizeau,sdonizeaua3@economist.com,Female,67.79.174.100
365,Lindsy,Webborn,lwebborna4@microsoft.com,Female,130.82.28.156
366,Evangelina,O'Fihillie,eofihilliea5@meetup.com,Female,198.222.157.160
367,Suzanne,Hold,sholda6@newyorker.com,Female,164.31.215.231
368,Natty,Rathbone,nrathbonea7@angelfire.com,Male,122.52.185.148
369,Curr,McLewd,cmclewda8@furl.net,Male,107.140.81.242
370,Emmott,Baigent,ebaigenta9@columbia.edu,Male,17.155.148.229
371,Carrol,Harrower,charroweraa@altervista.org,Male,164.192.219.222
372,Gibby,Jannaway,gjannawayab@wikispaces.com,Male,243.101.225.106
373,Gert,Wheater,gwheaterac@ebay.co.uk,Female,79.222.162.183
374,Allayne,Brosoli,abrosoliad@oracle.com,Male,27.182.67.217
375,Marijo,Duffie,mduffieae@walmart.com,Female,158.109.155.112
376,Kylen,Von Gladbach,kvongladbachaf@list-manage.com,Female,22.196.8.24
377,Shanon,Mardall,smardallag@is.gd,Female,84.83.141.156
378,Constanta,Pester,cpesterah@globo.com,Female,254.153.69.3
379,Tomas,Satford,tsatfordai@plala.or.jp,Male,163.230.201.218
380,Angelika,Verson,aversonaj@cargocollective.com,Female,68.114.211.213
381,Che,Guye,cguyeak@twitter.com,Male,103.81.31.155
382,Lorant,Yelding,lyeldingal@instagram.com,Male,116.166.29.244
383,Mercedes,Pierpoint,mpierpointam@businessinsider.com,Female,77.191.134.38
384,Bernardina,McAuslene,bmcauslenean@google.es,Female,223.47.199.214
385,Ruben,Cobbledick,rcobbledickao@blogs.com,Male,122.60.48.228
386,Brigitta,Emmins,bemminsap@webeden.co.uk,Female,245.219.56.79
387,Celle,Huckster,chucksteraq@nature.com,Female,142.189.53.121
388,Gawen,Murty,gmurtyar@geocities.jp,Male,243.122.35.25
389,Perla,Elcox,pelcoxas@blogs.com,Female,24.73.123.249
390,Gladys,Harwood,gharwoodat@yahoo.co.jp,Non-binary,1.246.254.128
391,Bud,Eyre,beyreau@yellowbook.com,Male,60.205.155.171
392,Creigh,Berard,cberardav@discuz.net,Male,131.128.50.83
393,Reider,Kennicott,rkennicottaw@indiegogo.com,Male,253.255.28.106
394,Alayne,Gruszka,agruszkaax@xrea.com,Female,156.182.22.205
395,Ciro,Feldberger,cfeldbergeray@google.ca,Male,144.170.23.120
396,Whitby,Gryglewski,wgryglewskiaz@devhub.com,Male,163.5.116.58
397,Hillary,Clayfield,hclayfieldb0@miibeian.gov.cn,Female,192.137.166.106
398,Jessa,Cantos,jcantosb1@nba.com,Female,224.224.188.83
399,Rutherford,Calver,rcalverb2@sciencedirect.com,Male,218.108.47.171
400,Augusto,Snowding,asnowdingb3@webmd.com,Male,122.168.226.161
401,Barbe,Swyer-Sexey,bswyersexeyb4@cnn.com,Female,157.237.154.56
402,Archibald,Klewer,aklewerb5@yahoo.com,Male,73.24.99.206
403,Audi,Hedon,ahedonb6@army.mil,Female,144.244.229.173
404,Kaile,Somerled,ksomerledb7@home.pl,Genderfluid,15.218.5.240
405,Elbertina,Spendlove,espendloveb8@marketwatch.com,Female,37.187.123.241
406,Boony,Grugerr,bgrugerrb9@prlog.org,Male,94.118.178.65
407,Roth,Oselton,roseltonba@smugmug.com,Male,221.219.109.142
408,Maryann,Glencrash,mglencrashbb@mac.com,Female,10.99.119.186
409,Belva,Petruszka,bpetruszkabc@multiply.com,Female,236.110.131.86
410,Jermaine,Fransoni,jfransonibd@china.com.cn,Male,191.248.149.17
411,Baird,Shirrell,bshirrellbe@liveinternet.ru,Male,179.166.129.45
412,Ardeen,Musla,amuslabf@sphinn.com,Female,80.63.216.50
413,Hymie,Crutchley,hcrutchleybg@noaa.gov,Male,208.163.172.55
414,Granger,Beecraft,gbeecraftbh@goo.ne.jp,Male,97.158.74.218
415,Bethanne,Wiffler,bwifflerbi@kickstarter.com,Female,75.149.185.201
416,Osmund,Scandred,oscandredbj@parallels.com,Male,89.16.50.40
417,Henryetta,Simonou,hsimonoubk@acquirethisname.com,Female,19.252.164.53
418,Susann,Duggon,sduggonbl@blogtalkradio.com,Female,29.133.205.44
419,Barn,Blazdell,bblazdellbm@cafepress.com,Male,241.42.163.8
420,Lory,McMinn,lmcminnbn@cpanel.net,Female,173.3.164.38
421,Den,Stears,dstearsbo@sitemeter.com,Male,100.122.66.42
422,Giovanna,Kidby,gkidbybp@jimdo.com,Female,150.63.125.53
423,Tawnya,Dayborne,tdaybornebq@sphinn.com,Female,52.161.103.49
424,Avictor,Parkisson,aparkissonbr@plala.or.jp,Male,190.153.215.160
425,Gnni,Mugford,gmugfordbs@liveinternet.ru,Agender,190.6.167.202
426,Kirstin,Behning,kbehningbt@unesco.org,Female,122.91.134.20
427,Margarita,Sijmons,msijmonsbu@goodreads.com,Female,215.159.17.217
428,Brandyn,Boddam,bboddambv@cbc.ca,Male,106.54.252.133
429,Ephraim,Aldren,ealdrenbw@google.ru,Male,200.191.144.18
430,Johannah,Bowbrick,jbowbrickbx@virginia.edu,Female,163.87.30.105
431,Henry,McClosh,hmccloshby@hao123.com,Male,108.130.100.228
432,Adel,Tytler,atytlerbz@canalblog.com,Female,220.177.252.229
433,Codi,Holah,cholahc0@digg.com,Female,213.23.76.70
434,Gisele,Daice,gdaicec1@addthis.com,Non-binary,88.91.141.246
435,Jesse,Bricknall,jbricknallc2@studiopress.com,Male,220.144.192.46
436,Tate,Kohen,tkohenc3@fema.gov,Male,210.202.131.193
437,Bev,Colbran,bcolbranc4@omniture.com,Genderfluid,221.169.27.53
438,Hillery,Beecheno,hbeechenoc5@cam.ac.uk,Male,198.31.205.122
439,Wolfie,Smallcombe,wsmallcombec6@blogspot.com,Male,249.87.116.168
440,Vasilis,Scutts,vscuttsc7@google.pl,Male,248.222.70.8
441,Stanleigh,Alsop,salsopc8@ftc.gov,Male,20.136.123.224
442,Jorrie,Killock,jkillockc9@jiathis.com,Female,147.102.96.158
443,Thatch,Jean,tjeanca@google.nl,Male,78.126.128.6
444,Ricoriki,Keelin,rkeelincb@t.co,Male,232.108.40.220
445,Arlen,Stanfield,astanfieldcc@rediff.com,Female,32.27.96.174
446,Enrique,Boucher,ebouchercd@businessinsider.com,Male,18.189.168.30
447,Bettine,Bailes,bbailesce@t.co,Female,134.125.54.119
448,Letisha,Pasby,lpasbycf@accuweather.com,Female,108.80.129.133
449,Duncan,Gilpillan,dgilpillancg@cbc.ca,Male,167.210.87.9
450,Valentine,de Castelain,vdecastelainch@time.com,Female,170.52.254.117
451,Ardelis,Vickress,avickressci@freewebs.com,Female,185.231.11.231
452,Davide,Aizikovitz,daizikovitzcj@imageshack.us,Genderqueer,171.86.37.28
453,Jordon,Ketchaside,jketchasideck@dot.gov,Male,58.82.223.139
454,Jillie,Simonel,jsimonelcl@disqus.com,Agender,183.69.105.144
455,Pattie,Belward,pbelwardcm@wiley.com,Female,209.247.104.148
456,Normy,Lorek,nlorekcn@sciencedirect.com,Male,25.254.222.94
457,Mario,Jacobson,mjacobsonco@mediafire.com,Bigender,87.234.54.42
458,Friedrich,Radbourne,fradbournecp@scientificamerican.com,Male,160.68.34.61
459,Jedidiah,Akram,jakramcq@angelfire.com,Male,232.68.243.0
460,Gilbert,Greenless,ggreenlesscr@scribd.com,Male,237.119.197.132
461,Raffaello,Trudgian,rtrudgiancs@soup.io,Male,155.218.27.134
462,Ulrich,Cockshot,ucockshotct@pcworld.com,Male,110.7.229.67
463,Carina,Ruppele,cruppelecu@photobucket.com,Female,223.98.245.55
464,Deny,Baigrie,dbaigriecv@nytimes.com,Female,97.98.20.9
465,Theodosia,Alstead,talsteadcw@webs.com,Female,248.152.237.47
466,Raimondo,Ruoss,rruosscx@about.com,Male,103.1.150.148
467,Natty,Remmer,nremmercy@twitter.com,Male,191.194.172.17
468,Eveline,Wixon,ewixoncz@tripadvisor.com,Female,48.179.133.12
469,Craggy,Jellard,cjellardd0@nih.gov,Male,195.205.32.135
470,Wyndham,Goroni,wgoronid1@bizjournals.com,Genderqueer,54.148.33.18
471,Crosby,Marrington,cmarringtond2@tumblr.com,Non-binary,68.99.189.48
472,Virginie,Barbera,vbarberad3@tuttocitta.it,Female,139.111.141.178
473,Hali,Large,hlarged4@slashdot.org,Female,100.19.44.229
474,Darrel,Willmore,dwillmored5@un.org,Male,184.248.39.63
475,Cole,Britner,cbritnerd6@twitpic.com,Male,204.94.46.172
476,Felizio,Filipiak,ffilipiakd7@blogtalkradio.com,Bigender,204.9.237.19
477,Charmion,Stoakley,cstoakleyd8@naver.com,Female,51.8.75.52
478,Ollie,Deville,odevilled9@zimbio.com,Agender,32.5.50.248
479,Jedidiah,Doniso,jdonisoda@microsoft.com,Polygender,212.90.12.174
480,Raquela,Chezier,rchezierdb@ovh.net,Female,110.209.12.99
481,Genvieve,Manktelow,gmanktelowdc@woothemes.com,Female,90.28.156.240
482,Peterus,Halligan,phalligandd@nasa.gov,Male,135.113.186.21
483,Kit,Scaife,kscaifede@samsung.com,Female,96.80.185.220
484,Geoff,Roberts,grobertsdf@yellowpages.com,Male,111.18.198.39
485,Colet,Evert,cevertdg@discovery.com,Male,136.113.214.201
486,Xaviera,Sherratt,xsherrattdh@senate.gov,Non-binary,157.157.229.108
487,Ash,McKinney,amckinneydi@ezinearticles.com,Male,186.246.201.157
488,Lothario,Forton,lfortondj@jalbum.net,Male,77.48.70.138
489,Gael,Miere,gmieredk@livejournal.com,Agender,86.204.48.228
490,Siobhan,Gentsch,sgentschdl@shutterfly.com,Female,234.208.40.161
491,Travis,Allward,tallwarddm@independent.co.uk,Male,18.133.41.202
492,Allx,Caswall,acaswalldn@newsvine.com,Female,29.148.54.190
493,Royce,Le Lievre,rlelievredo@fda.gov,Male,179.121.232.27
494,Cedric,Burne,cburnedp@tamu.edu,Male,151.155.192.113
495,Dorie,Dallewater,ddallewaterdq@sciencedaily.com,Male,170.215.12.72
496,Wilmer,Morrallee,wmorralleedr@sbwire.com,Male,233.64.172.7
497,Letti,Ripley,lripleyds@icq.com,Female,222.107.117.88
498,Lilli,Maior,lmaiordt@creativecommons.org,Female,53.163.224.185
499,Tamra,Squelch,tsquelchdu@hibu.com,Female,61.22.61.181
500,Susann,Larne,slarnedv@spotify.com,Female,198.32.111.156
501,Irwinn,Draycott,idraycottdw@com.com,Male,51.227.60.80
502,Griffie,Ahrenius,gahreniusdx@nps.gov,Male,237.51.194.139
503,Fifine,Anselm,fanselmdy@intel.com,Female,53.193.1.124
504,Dexter,Mish,dmishdz@dailymotion.com,Male,222.196.144.77
505,Vince,Benion,vbenione0@so-net.ne.jp,Genderqueer,237.250.168.10
506,Goldi,Barkway,gbarkwaye1@sina.com.cn,Female,196.103.85.80
507,Chanda,Sabine,csabinee2@joomla.org,Female,162.35.206.42
508,Bertrando,Trevallion,btrevallione3@cnet.com,Male,94.41.195.214
509,Obediah,Giacopetti,ogiacopettie4@disqus.com,Male,216.45.204.239
510,Rosy,Ranshaw,rranshawe5@google.es,Female,12.20.106.155
511,Marje,Barnsley,mbarnsleye6@europa.eu,Female,182.56.72.55
512,Lazarus,Sharrier,lsharriere7@ocn.ne.jp,Male,155.131.177.163
513,Hubie,Bydaway,hbydawaye8@constantcontact.com,Male,63.98.79.175
514,Lorin,Messom,lmessome9@sitemeter.com,Male,103.207.112.97
515,Ingemar,Hanby,ihanbyea@mozilla.com,Male,220.207.161.80
516,Peggie,Skirling,pskirlingeb@ebay.co.uk,Female,185.165.8.219
517,Clyde,Menghi,cmenghiec@typepad.com,Male,238.194.10.157
518,Lolita,Bartoszinski,lbartoszinskied@dell.com,Genderqueer,189.25.54.109
519,Noam,Esselen,nesselenee@mediafire.com,Male,95.108.254.244
520,Shadow,Youd,syoudef@globo.com,Male,174.56.31.40
521,Blondie,Bakey,bbakeyeg@msu.edu,Female,174.180.234.173
522,Emery,Doey,edoeyeh@redcross.org,Male,4.141.223.109
523,Chrissy,Kealey,ckealeyei@ox.ac.uk,Male,37.36.22.160
524,Rivi,MacKean,rmackeanej@vinaora.com,Female,95.103.144.106
525,Cherise,Mc-Kerley,cmckerleyek@163.com,Agender,2.244.68.79
526,Cherilynn,Dabel,cdabelel@skyrock.com,Female,133.61.233.106
527,Korrie,Morsley,kmorsleyem@goo.gl,Female,103.28.36.173
528,Hillier,Pre,hpreen@unc.edu,Male,132.111.123.107
529,Donnie,Don,ddoneo@discuz.net,Female,78.90.187.102
530,Miller,Coleby,mcolebyep@csmonitor.com,Male,39.63.219.214
531,Aguistin,Corington,acoringtoneq@about.com,Male,72.84.90.130
532,Ursula,Blomfield,ublomfielder@psu.edu,Female,114.104.150.182
533,Merrilee,Boice,mboicees@gov.uk,Female,177.50.19.53
534,Devon,Mantripp,dmantrippet@bloglines.com,Agender,87.24.19.178
535,Antonietta,Baack,abaackeu@meetup.com,Female,96.47.164.69
536,Ferrell,McBoyle,fmcboyleev@scientificamerican.com,Male,70.16.114.122
537,Salvador,Ollivier,sollivierew@deviantart.com,Male,0.207.43.217
538,Ab,Cutchey,acutcheyex@unc.edu,Male,79.226.89.173
539,Jerome,Hancell,jhancelley@yandex.ru,Male,143.205.148.7
540,Jarret,Wenham,jwenhamez@i2i.jp,Male,101.34.189.141
541,Lainey,Grieger,lgriegerf0@adobe.com,Female,125.155.243.156
542,Dedie,Meegin,dmeeginf1@joomla.org,Female,8.195.245.99
543,Emelia,Kuban,ekubanf2@xing.com,Female,183.139.249.29
544,Simeon,Tunder,stunderf3@csmonitor.com,Male,43.71.39.236
545,Ignace,Beltzner,ibeltznerf4@myspace.com,Male,125.48.54.189
546,Bronnie,Bonick,bbonickf5@npr.org,Male,230.201.55.161
547,Sayers,Barents,sbarentsf6@noaa.gov,Male,170.78.83.230
548,Mendy,Cardow,mcardowf7@delicious.com,Male,112.122.17.103
549,Lucho,Baise,lbaisef8@globo.com,Male,164.106.239.132
550,Ryan,Sprosson,rsprossonf9@slashdot.org,Male,43.72.33.166
551,Tremayne,Kraut,tkrautfa@meetup.com,Male,48.84.80.108
552,Tymothy,Flatley,tflatleyfb@exblog.jp,Polygender,150.247.197.154
553,Brenn,Carnall,bcarnallfc@patch.com,Female,229.76.230.229
554,Rees,Bradane,rbradanefd@wikispaces.com,Male,231.186.234.213
555,Maynard,Blazi,mblazife@cam.ac.uk,Male,122.251.34.17
556,Annabal,Bolgar,abolgarff@ftc.gov,Female,44.246.110.123
557,Kellina,Wenderott,kwenderottfg@examiner.com,Female,242.26.237.102
558,Issy,Nussii,inussiifh@icq.com,Female,184.31.130.47
559,Tierney,Hunton,thuntonfi@cloudflare.com,Female,61.193.3.52
560,Roy,Jeeks,rjeeksfj@posterous.com,Male,98.60.167.85
561,Arden,Catenot,acatenotfk@goo.ne.jp,Female,75.20.97.98
562,Bald,Banasik,bbanasikfl@vkontakte.ru,Male,180.148.169.107
563,Niki,Merrifield,nmerrifieldfm@sogou.com,Male,96.204.21.18
564,Rafi,Kingcott,rkingcottfn@upenn.edu,Male,167.55.252.245
565,Wandie,Guare,wguarefo@hugedomains.com,Female,54.130.0.182
566,Cybill,Pauly,cpaulyfp@myspace.com,Female,196.170.90.17
567,Jenn,Walduck,jwalduckfq@stanford.edu,Female,132.230.215.49
568,Ulysses,Leap,uleapfr@barnesandnoble.com,Male,65.44.77.148
569,Theobald,Worssam,tworssamfs@google.de,Male,93.116.1.75
570,Willis,Solloway,wsollowayft@fotki.com,Male,66.214.211.95
571,Carson,Ickovits,cickovitsfu@goo.gl,Male,131.219.93.16
572,Elyse,Harbord,eharbordfv@bbb.org,Female,228.19.103.177
573,Davidde,Brennen,dbrennenfw@indiatimes.com,Male,131.56.181.128
574,Romeo,De Brett,rdebrettfx@hp.com,Male,29.22.224.132
575,Maxy,Sutherley,msutherleyfy@goodreads.com,Male,243.99.158.130
576,Dennison,Balmadier,dbalmadierfz@japanpost.jp,Male,100.125.126.80
577,Aubrie,Iacobini,aiacobinig0@pinterest.com,Female,43.58.155.75
578,Baily,Chidler,bchidlerg1@dell.com,Male,14.63.33.159
579,Aron,Cousans,acousansg2@surveymonkey.com,Male,117.156.162.145
580,Kalina,Van Bruggen,kvanbruggeng3@rakuten.co.jp,Female,77.212.15.127
581,Alon,Speerman,aspeermang4@walmart.com,Male,68.122.99.183
582,Tommie,Daleman,tdalemang5@goodreads.com,Male,153.162.233.45
583,Buiron,Lathan,blathang6@nymag.com,Male,145.242.38.1
584,Morly,Chestney,mchestneyg7@engadget.com,Male,173.195.47.79
585,Agustin,Potbury,apotburyg8@unesco.org,Male,62.172.23.163
586,Alikee,Aberdein,aaberdeing9@skyrock.com,Female,244.96.127.248
587,Shandy,Fishburn,sfishburnga@psu.edu,Female,69.135.111.127
588,Mabelle,Beavington,mbeavingtongb@plala.or.jp,Female,58.86.238.213
589,Dinah,Ellick,dellickgc@myspace.com,Female,135.217.206.220
590,Sheri,Tschierasche,stschieraschegd@walmart.com,Female,163.221.209.67
591,Gerome,Campaigne,gcampaignege@e-recht24.de,Male,230.97.51.74
592,Cora,Gantz,cgantzgf@foxnews.com,Female,165.200.72.13
593,Tedra,McPhee,tmcpheegg@google.es,Female,247.204.73.135
594,Murielle,Dyka,mdykagh@flavors.me,Female,171.200.75.186
595,Jessalin,Southouse,jsouthousegi@seattletimes.com,Female,113.109.79.55
596,Tina,Pherps,tpherpsgj@simplemachines.org,Female,27.84.107.108
597,Riordan,Wykes,rwykesgk@myspace.com,Male,83.175.178.194
598,Deck,Spick,dspickgl@shop-pro.jp,Male,65.97.146.166
599,Nara,Harcase,nharcasegm@census.gov,Female,219.56.184.123
600,Toddy,Chawner,tchawnergn@ted.com,Male,161.52.77.74
601,Cris,Hamberstone,chamberstonego@howstuffworks.com,Polygender,240.19.26.70
602,Ellerey,Sandon,esandongp@comcast.net,Male,47.87.233.161
603,Percy,Colnet,pcolnetgq@dailymotion.com,Non-binary,61.31.111.26
604,Chrissie,McIlheran,cmcilherangr@state.gov,Female,39.21.190.16
605,Shannan,Halsworth,shalsworthgs@dedecms.com,Male,42.141.67.110
606,Ramonda,Feldhammer,rfeldhammergt@imgur.com,Female,117.231.149.49
607,Chelsea,Glasscock,cglasscockgu@uiuc.edu,Female,239.16.191.182
608,Sib,Cicutto,scicuttogv@topsy.com,Female,247.102.27.176
609,Katerine,Matley,kmatleygw@quantcast.com,Female,102.17.194.152
610,Skell,Prettyjohn,sprettyjohngx@tamu.edu,Male,60.166.190.172
611,Kenny,Smallacombe,ksmallacombegy@bbb.org,Male,2.103.8.55
612,Bar,Fooks,bfooksgz@vk.com,Male,109.35.196.55
613,Cazzie,Voelker,cvoelkerh0@twitter.com,Male,139.58.131.118
614,Claus,MacKniely,cmacknielyh1@seattletimes.com,Male,64.50.208.197
615,Cesar,Giacometti,cgiacomettih2@histats.com,Male,135.106.109.158
616,Vikki,Krauze,vkrauzeh3@cbslocal.com,Genderqueer,175.59.46.90
617,Kristen,Ealden,kealdenh4@domainmarket.com,Female,194.212.97.7
618,Michel,Cromett,mcrometth5@howstuffworks.com,Female,63.192.18.79
619,Darby,Torn,dtornh6@multiply.com,Female,183.69.77.37
620,Richie,Mason,rmasonh7@diigo.com,Male,38.41.226.17
621,Florencia,Andreuzzi,fandreuzzih8@qq.com,Female,236.219.82.128
622,Bruis,Bootell,bbootellh9@etsy.com,Male,40.216.3.105
623,Marietta,Pringer,mpringerha@netlog.com,Male,5.241.251.137
624,Nelia,Haste,nhastehb@dailymotion.com,Female,140.17.57.140
625,Caroline,Monkman,cmonkmanhc@chicagotribune.com,Female,66.163.244.110
626,Callida,MacGibbon,cmacgibbonhd@woothemes.com,Female,184.221.233.197
627,Tabby,Ife,tifehe@discuz.net,Male,53.211.119.55
628,Hyacinth,Burbage,hburbagehf@ning.com,Female,202.181.97.171
629,Margot,Mettericke,mmetterickehg@uiuc.edu,Female,129.68.240.179
630,Emile,Woodsford,ewoodsfordhh@google.it,Male,214.42.136.226
631,Chaddie,Sign,csignhi@technorati.com,Male,25.220.118.122
632,Sherwynd,Dulinty,sdulintyhj@hhs.gov,Non-binary,220.67.80.240
633,Bjorn,Loch,blochhk@fema.gov,Male,34.254.40.117
634,Chris,Nielson,cnielsonhl@google.nl,Female,187.166.82.188
635,Cord,Stapleton,cstapletonhm@comcast.net,Male,240.137.246.162
636,Vasily,Krier,vkrierhn@marriott.com,Male,66.28.203.77
637,Thayne,Corneljes,tcorneljesho@php.net,Male,91.149.37.68
638,Caren,Archambault,carchambaulthp@nps.gov,Female,141.68.27.55
639,Clem,Shearmer,cshearmerhq@odnoklassniki.ru,Male,240.252.109.104
640,Phylys,Francesc,pfranceschr@un.org,Female,172.118.4.184
641,Birgitta,Olyff,bolyffhs@xing.com,Genderqueer,71.195.81.25
642,Crysta,Pesek,cpesekht@desdev.cn,Female,188.87.252.54
643,Nils,Rockell,nrockellhu@berkeley.edu,Male,116.131.64.236
644,Michal,Ridesdale,mridesdalehv@plala.or.jp,Female,169.43.244.148
645,Amabel,Maden,amadenhw@nasa.gov,Agender,101.229.255.109
646,Andreana,Ewers,aewershx@oracle.com,Agender,105.43.9.174
647,Brooks,Kidsley,bkidsleyhy@hud.gov,Female,247.208.139.163
648,Shamus,Gerrey,sgerreyhz@google.co.jp,Male,183.147.154.56
649,Julienne,Beaument,jbeaumenti0@fc2.com,Female,66.37.60.172
650,Edin,Szabo,eszaboi1@salon.com,Female,26.47.165.189
651,Aila,O'Hartnett,aohartnetti2@shinystat.com,Female,234.196.205.141
652,Cordell,Antoney,cantoneyi3@nbcnews.com,Male,90.245.89.8
653,Essa,Moar,emoari4@eventbrite.com,Female,65.83.30.145
654,Sayre,Thackston,sthackstoni5@phoca.cz,Male,89.27.206.137
655,Hodge,Timmons,htimmonsi6@epa.gov,Male,134.73.91.46
656,Colene,Denkel,cdenkeli7@51.la,Female,119.84.99.125
657,Jammal,Barwack,jbarwacki8@indiegogo.com,Male,201.46.203.183
658,Layne,Leele,lleelei9@illinois.edu,Female,209.159.92.66
659,Barbie,Quilty,bquiltyia@china.com.cn,Female,12.110.25.42
660,Shaughn,Karlsen,skarlsenib@ebay.com,Male,188.109.195.82
661,Allard,Otton,aottonic@stanford.edu,Male,92.221.214.240
662,Verla,Cowper,vcowperid@ocn.ne.jp,Female,170.38.188.94
663,Matias,Hargess,mhargessie@cornell.edu,Male,66.22.124.172
664,Maurizia,Leggett,mleggettif@blogtalkradio.com,Female,176.166.210.83
665,Kelvin,Motton,kmottonig@ebay.co.uk,Male,59.226.137.103
666,Giffer,Le Grove,glegroveih@statcounter.com,Male,78.164.183.232
667,Bing,Jezzard,bjezzardii@java.com,Male,27.65.227.249
668,Penn,Swaffield,pswaffieldij@indiegogo.com,Male,223.175.113.71
669,Ceciley,Manssuer,cmanssuerik@sun.com,Female,126.116.112.64
670,Gilemette,Bessey,gbesseyil@booking.com,Female,13.51.120.183
671,Fanni,Ionnisian,fionnisianim@icq.com,Female,149.47.3.21
672,Reinhard,Deverson,rdeversonin@apple.com,Bigender,127.191.66.30
673,Nial,Sowley,nsowleyio@hao123.com,Male,91.20.234.117
674,Lanette,Hassen,lhassenip@utexas.edu,Female,220.208.53.250
675,Jean,Wigmore,jwigmoreiq@blogspot.com,Male,153.224.178.194
676,Barbee,Abrahamoff,babrahamoffir@t-online.de,Female,69.59.123.127
677,Trumaine,Musgrove,tmusgroveis@mapy.cz,Agender,197.39.158.139
678,Holt,Viney,hvineyit@dot.gov,Male,159.199.245.215
679,Lynda,Joynes,ljoynesiu@wired.com,Female,100.48.231.183
680,Randal,Canadine,rcanadineiv@webmd.com,Genderqueer,118.225.229.1
681,Sonni,Prozillo,sprozilloiw@flavors.me,Female,212.160.225.122
682,Naoma,Shave,nshaveix@oracle.com,Female,235.64.82.210
683,Bertie,Cullagh,bcullaghiy@disqus.com,Female,189.0.79.87
684,Trudy,Hethron,thethroniz@fc2.com,Female,85.127.140.77
685,Flemming,Gouge,fgougej0@nps.gov,Male,73.145.126.226
686,Pat,Paddock,ppaddockj1@cnet.com,Male,1.45.136.42
687,Simon,Langstone,slangstonej2@yelp.com,Male,35.93.79.238
688,Lebbie,Agney,lagneyj3@nationalgeographic.com,Female,220.145.158.33
689,Eileen,Hub,ehubj4@nba.com,Female,126.131.89.227
690,Kathe,Diable,kdiablej5@si.edu,Female,220.27.244.182
691,Eugene,Mulliner,emullinerj6@bizjournals.com,Male,142.173.115.27
692,Rosanne,Lappin,rlappinj7@tumblr.com,Female,134.247.68.192
693,Maurita,Inderwick,minderwickj8@purevolume.com,Female,22.208.173.62
694,Hoyt,Withringten,hwithringtenj9@npr.org,Male,121.150.172.208
695,Baxy,Barribal,bbarribalja@tripod.com,Bigender,123.181.215.43
696,Forrest,Bennen,fbennenjb@examiner.com,Male,165.35.226.180
697,Dacy,Macellar,dmacellarjc@barnesandnoble.com,Female,90.80.120.247
698,Demetria,Hyslop,dhyslopjd@topsy.com,Female,178.109.234.123
699,Burr,Brumen,bbrumenje@spiegel.de,Male,114.250.78.138
700,Raven,Revely,rrevelyjf@joomla.org,Female,101.62.101.199
701,Leeann,Hrinchenko,lhrinchenkojg@hostgator.com,Female,217.184.102.167
702,Inge,Mineghelli,imineghellijh@guardian.co.uk,Female,80.252.246.219
703,Melvin,Dankov,mdankovji@t-online.de,Male,185.246.67.70
704,Lazare,Gookey,lgookeyjj@pinterest.com,Genderfluid,172.56.111.15
705,Hugh,Breukelman,hbreukelmanjk@narod.ru,Male,81.128.35.15
706,Sibylla,O'Feeny,sofeenyjl@cnet.com,Female,204.75.176.244
707,Booth,Rawdales,brawdalesjm@creativecommons.org,Male,255.157.19.84
708,Ysabel,Marples,ymarplesjn@blogs.com,Female,65.79.151.74
709,Adan,Chominski,achominskijo@gov.uk,Male,7.1.168.166
710,Burk,Reaman,breamanjp@domainmarket.com,Male,40.215.180.57
711,Jeanne,Bernade,jbernadejq@twitter.com,Non-binary,88.127.41.100
712,Beverlie,Robertz,brobertzjr@adobe.com,Female,186.166.103.173
713,Felice,Hedgeley,fhedgeleyjs@tmall.com,Male,125.91.18.77
714,Ruthy,Daveridge,rdaveridgejt@soup.io,Female,118.81.92.145
715,Laurice,Balasini,lbalasiniju@fotki.com,Female,157.115.56.162
716,Frasquito,Stanford,fstanfordjv@icio.us,Polygender,144.185.162.109
717,Maryl,Ikringill,mikringilljw@auda.org.au,Female,3.43.32.4
718,Dan,Jarrelt,djarreltjx@altervista.org,Genderfluid,105.248.197.148
719,Chelsea,Pariss,cparissjy@foxnews.com,Female,104.48.154.24
720,Gwenore,Piotrowski,gpiotrowskijz@reverbnation.com,Female,65.109.108.87
721,Pinchas,Comizzoli,pcomizzolik0@jalbum.net,Male,145.249.156.241
722,Adan,Skeemor,askeemork1@google.it,Male,2.73.154.211
723,Olav,Heselwood,oheselwoodk2@lulu.com,Male,27.189.254.254
724,Julita,Tomblett,jtomblettk3@ihg.com,Female,166.231.180.130
725,Kimble,Farndale,kfarndalek4@1688.com,Genderqueer,188.151.106.233
726,Matilde,Kielty,mkieltyk5@list-manage.com,Female,41.117.100.118
727,Ericka,Luberti,elubertik6@nhs.uk,Female,94.236.245.29
728,Chelsey,Filippi,cfilippik7@tiny.cc,Female,152.213.191.57
729,Maura,Panter,mpanterk8@theguardian.com,Female,213.145.197.94
730,Olenolin,Patrick,opatrickk9@icq.com,Genderfluid,110.137.122.58
731,Shauna,Reitenbach,sreitenbachka@deliciousdays.com,Female,54.241.48.249
732,Marius,Hawkridge,mhawkridgekb@senate.gov,Male,4.137.146.176
733,Annabelle,Kears,akearskc@nps.gov,Female,46.95.65.151
734,Gayle,Connelly,gconnellykd@cbslocal.com,Male,220.142.197.193
735,Mavis,Thebes,mthebeske@xrea.com,Female,60.146.99.237
736,Bebe,Labrenz,blabrenzkf@flavors.me,Female,170.197.39.208
737,Mikey,Polotti,mpolottikg@illinois.edu,Male,100.154.0.132
738,Odette,Burriss,oburrisskh@digg.com,Female,241.102.211.107
739,Fernanda,Meijer,fmeijerki@icq.com,Female,88.70.172.8
740,Joel,McKeggie,jmckeggiekj@google.com.au,Male,58.108.162.100
741,Cordey,Belasco,cbelascokk@zimbio.com,Female,27.31.149.134
742,Devondra,Fairleigh,dfairleighkl@freewebs.com,Female,37.65.114.144
743,Kirstyn,Pandya,kpandyakm@dedecms.com,Polygender,0.185.215.139
744,Phineas,Reuss,preusskn@angelfire.com,Non-binary,47.71.126.100
745,Damaris,Czaple,dczapleko@columbia.edu,Female,182.25.83.183
746,Kai,Esselen,kesselenkp@timesonline.co.uk,Female,148.189.189.187
747,Carver,Dilnot,cdilnotkq@ftc.gov,Male,135.33.38.239
748,Phillie,Phil,pphilkr@posterous.com,Female,174.186.190.172
749,Fax,Stiegers,fstiegersks@ucsd.edu,Male,176.205.27.14
750,Renard,Tellenbach,rtellenbachkt@hostgator.com,Male,144.81.122.170
751,Wye,Girk,wgirkku@hud.gov,Male,127.179.94.107
752,Clair,Pidgley,cpidgleykv@npr.org,Female,146.203.136.230
753,Kim,Battista,kbattistakw@ftc.gov,Male,29.24.52.69
754,Jenda,McGaffey,jmcgaffeykx@cnet.com,Female,158.214.229.234
755,Kristian,Daft,kdaftky@army.mil,Male,40.121.201.173
756,Franny,Lakeman,flakemankz@digg.com,Male,252.71.174.28
757,Tiebold,Omrod,tomrodl0@scribd.com,Male,14.50.225.217
758,Tomaso,Abethell,tabethelll1@pcworld.com,Male,72.51.103.24
759,Eadmund,Lankham,elankhaml2@multiply.com,Male,212.27.168.116
760,Keely,Milch,kmilchl3@prweb.com,Female,109.135.204.54
761,Persis,Johananov,pjohananovl4@dell.com,Female,42.153.140.211
762,Alicea,Winspare,awinsparel5@icio.us,Female,182.169.89.90
763,Malena,Sallier,msallierl6@npr.org,Female,13.194.62.30
764,Malissia,Minichi,mminichil7@imgur.com,Non-binary,130.135.70.199
765,Cheston,Dimitru,cdimitrul8@github.com,Male,159.110.182.122
766,Gale,McGraw,gmcgrawl9@zdnet.com,Female,100.161.16.160
767,Isac,Nemchinov,inemchinovla@europa.eu,Male,90.217.85.58
768,Hollyanne,Gornar,hgornarlb@amazon.co.uk,Female,79.178.90.95
769,Marigold,Stihl,mstihllc@artisteer.com,Female,232.110.77.255
770,Sunny,Crewes,screwesld@ezinearticles.com,Male,145.129.71.61
771,Berkeley,Gurrado,bgurradole@epa.gov,Male,99.196.134.84
772,Denyse,Janik,djaniklf@de.vu,Female,56.95.51.127
773,Wallis,Gallardo,wgallardolg@furl.net,Male,214.186.142.218
774,Petrina,Tethacot,ptethacotlh@paginegialle.it,Female,242.113.18.35
775,Gilli,Mucklo,gmuckloli@thetimes.co.uk,Female,36.19.15.6
776,Torey,Ramelet,trameletlj@apple.com,Male,93.136.125.116
777,Julianne,Elsmor,jelsmorlk@house.gov,Female,229.13.153.127
778,Hynda,Joint,hjointll@wix.com,Female,95.189.165.78
779,Mick,Filipczynski,mfilipczynskilm@indiegogo.com,Male,65.180.41.113
780,Allie,Heare,aheareln@theglobeandmail.com,Male,77.134.155.141
781,Gerti,Wauchope,gwauchopelo@freewebs.com,Genderfluid,68.21.62.30
782,Ken,Brand-Hardy,kbrandhardylp@chronoengine.com,Male,180.14.83.129
783,Mable,Chalker,mchalkerlq@xrea.com,Female,138.82.95.183
784,Shirl,Musgrove,smusgrovelr@slate.com,Female,143.170.252.176
785,Yulma,Kornes,ykornesls@wikia.com,Male,192.54.139.223
786,Douglass,Townsley,dtownsleylt@clickbank.net,Male,13.22.139.234
787,Ansel,Cron,acronlu@engadget.com,Male,223.219.16.58
788,Marla,O'Brogan,mobroganlv@examiner.com,Female,24.156.195.172
789,Kizzee,Whelpton,kwhelptonlw@godaddy.com,Polygender,123.64.6.141
790,Ameline,Iacobacci,aiacobaccilx@mashable.com,Female,124.180.167.159
791,Shea,Jori,sjorily@intel.com,Male,92.145.84.99
792,Caro,Houson,chousonlz@gnu.org,Female,248.175.101.23
793,Brian,Purslow,bpurslowm0@so-net.ne.jp,Non-binary,208.59.50.74
794,Verna,Tee,vteem1@narod.ru,Female,115.241.148.10
795,Brucie,Plumbridge,bplumbridgem2@google.co.uk,Male,195.13.80.134
796,Suzanne,Statersfield,sstatersfieldm3@w3.org,Genderfluid,84.96.161.229
797,Ezra,Barwis,ebarwism4@pcworld.com,Male,168.252.148.77
798,Marcy,Carbin,mcarbinm5@woothemes.com,Female,202.119.1.187
799,Myrtie,Wallbutton,mwallbuttonm6@indiatimes.com,Non-binary,53.166.51.198
800,Nate,Zannotti,nzannottim7@webmd.com,Male,119.12.8.140
801,Hamlin,Bourthouloume,hbourthouloumem8@cbslocal.com,Male,188.157.160.72
802,Randall,Humpage,rhumpagem9@ebay.co.uk,Male,37.149.202.29
803,Herb,Whitworth,hwhitworthma@desdev.cn,Male,66.52.2.215
804,Cornie,Allpress,callpressmb@newyorker.com,Female,121.109.85.123
805,Dewitt,Kingswood,dkingswoodmc@latimes.com,Male,132.196.248.84
806,Lona,Warbey,lwarbeymd@cocolog-nifty.com,Genderfluid,149.135.138.179
807,Johanna,Reuven,jreuvenme@bravesites.com,Female,145.46.244.123
808,Hamlen,Pullen,hpullenmf@ebay.com,Male,74.213.140.19
809,Dew,Dumbelton,ddumbeltonmg@businessweek.com,Male,195.137.250.38
810,Robbin,Stebles,rsteblesmh@wikispaces.com,Female,86.77.219.170
811,Dukey,Biagioni,dbiagionimi@vimeo.com,Male,125.73.63.214
812,Gerda,Swepstone,gswepstonemj@altervista.org,Female,154.129.39.199
813,Rory,Placide,rplacidemk@blog.com,Male,162.173.227.88
814,Padget,Friend,pfriendml@yolasite.com,Male,75.239.169.38
815,Jae,Stearne,jstearnemm@sohu.com,Genderqueer,132.94.152.88
816,Bryon,Kaplan,bkaplanmn@yale.edu,Male,87.154.234.92
817,Kristos,McAllester,kmcallestermo@parallels.com,Male,92.66.219.129
818,Salim,Buesden,sbuesdenmp@123-reg.co.uk,Male,232.213.173.59
819,Rena,Cornew,rcornewmq@uol.com.br,Female,137.193.111.7
820,Gabriell,Broadbere,gbroadberemr@google.com.br,Female,1.13.253.146
821,Lauretta,Gathercoal,lgathercoalms@wunderground.com,Non-binary,2.200.213.78
822,Ashley,Milsted,amilstedmt@unicef.org,Male,248.134.247.63
823,Michaela,Stone,mstonemu@blog.com,Female,90.169.29.164
824,Valli,Struys,vstruysmv@census.gov,Female,13.4.201.76
825,Fin,Grieger,fgriegermw@msn.com,Male,52.119.32.62
826,Renaldo,Hamor,rhamormx@japanpost.jp,Male,224.1.85.183
827,Torrin,Harrowell,tharrowellmy@toplist.cz,Male,158.60.147.234
828,Flor,Lghan,flghanmz@technorati.com,Female,229.38.173.237
829,Saree,Garron,sgarronn0@fda.gov,Female,168.205.111.29
830,Erinna,Liptrot,eliptrotn1@lulu.com,Female,118.136.87.245
831,Bartram,Breckell,bbreckelln2@imgur.com,Male,95.233.234.13
832,Kenny,Pitcaithley,kpitcaithleyn3@businessinsider.com,Male,20.219.12.17
833,Lewie,Darth,ldarthn4@miitbeian.gov.cn,Male,78.109.255.249
834,Karlan,Gath,kgathn5@businessinsider.com,Male,86.2.86.128
835,Felice,MacPhaden,fmacphadenn6@archive.org,Female,41.39.51.140
836,Cherey,Tunnadine,ctunnadinen7@theatlantic.com,Female,112.158.181.119
837,Lil,Milson,lmilsonn8@blogger.com,Female,161.101.33.169
838,Britteny,Devenny,bdevennyn9@amazonaws.com,Female,190.59.91.178
839,Pauly,Halso,phalsona@people.com.cn,Male,137.144.167.215
840,Kora,Hens,khensnb@indiegogo.com,Female,25.164.101.101
841,Sherwood,Maddinon,smaddinonnc@netvibes.com,Male,148.220.233.158
842,Devin,Bohling,dbohlingnd@odnoklassniki.ru,Female,18.181.148.186
843,Crichton,Bales,cbalesne@imdb.com,Male,198.239.120.198
844,Ermentrude,Roddie,eroddienf@fda.gov,Female,70.126.138.237
845,Ellen,Forst,eforstng@ycombinator.com,Female,232.82.243.252
846,Carlen,Rojahn,crojahnnh@com.com,Female,69.155.77.35
847,Massimiliano,Josskovitz,mjosskovitzni@archive.org,Male,210.124.91.173
848,Kerri,Gullen,kgullennj@sina.com.cn,Female,10.238.137.44
849,Tiena,Durnian,tdurniannk@opera.com,Female,78.16.146.254
850,Ynez,Greedyer,ygreedyernl@vistaprint.com,Female,7.81.60.93
851,Sullivan,Ducham,sduchamnm@epa.gov,Bigender,109.181.244.73
852,Meggy,Kerswell,mkerswellnn@alexa.com,Female,131.143.24.159
853,Marten,Joanic,mjoanicno@unc.edu,Male,9.135.81.94
854,Alanson,Breed,abreednp@trellian.com,Male,42.27.168.180
855,Adriaens,Trowle,atrowlenq@unesco.org,Polygender,174.243.105.46
856,Myrah,Grafom,mgrafomnr@timesonline.co.uk,Female,207.213.122.173
857,Sybil,Olivella,solivellans@zdnet.com,Female,188.167.15.165
858,Wenonah,Vasichev,wvasichevnt@zimbio.com,Female,157.116.199.143
859,Janel,Cleeve,jcleevenu@usda.gov,Female,145.87.227.209
860,Virgie,Moggan,vmoggannv@clickbank.net,Male,171.217.35.232
861,Kennett,Colenutt,kcolenuttnw@europa.eu,Male,154.232.194.57
862,Sephira,Mewhirter,smewhirternx@fc2.com,Female,36.6.201.110
863,Aeriell,Langthorn,alangthornny@nbcnews.com,Female,7.83.18.112
864,Davide,Lay,dlaynz@diigo.com,Male,130.20.68.71
865,Payton,Kunzelmann,pkunzelmanno0@bbb.org,Male,126.101.14.120
866,Carny,Snasdell,csnasdello1@tiny.cc,Male,176.186.13.50
867,Doloritas,Janney,djanneyo2@shareasale.com,Female,229.212.74.91
868,Hart,Marxsen,hmarxseno3@vkontakte.ru,Polygender,5.89.79.157
869,Kalie,Vawton,kvawtono4@seesaa.net,Genderfluid,25.242.111.149
870,Noah,Waker,nwakero5@skype.com,Non-binary,199.212.149.202
871,Tulley,Cason,tcasono6@live.com,Male,175.53.168.187
872,Guy,Manneville,gmannevilleo7@cargocollective.com,Male,245.185.91.88
873,Alidia,Creagh,acreagho8@cbsnews.com,Female,19.226.5.151
874,Elfie,Dearl,edearlo9@paypal.com,Female,115.47.168.52
875,Sissie,Fitzsymonds,sfitzsymondsoa@seesaa.net,Female,160.36.96.127
876,Mitchael,Dallas,mdallasob@loc.gov,Male,114.26.145.56
877,Tobias,Simakov,tsimakovoc@ehow.com,Male,78.225.78.220
878,Lenore,Peregrine,lperegrineod@biglobe.ne.jp,Female,97.239.42.232
879,Noach,Ganter,nganteroe@themeforest.net,Male,84.213.108.122
880,Pascal,Titcom,ptitcomof@examiner.com,Male,84.63.49.96
881,Devin,Hobbert,dhobbertog@google.es,Genderqueer,145.25.241.235
882,Farlie,Anmore,fanmoreoh@vistaprint.com,Male,243.167.185.68
883,Brendan,Brailey,bbraileyoi@odnoklassniki.ru,Male,250.63.106.141
884,Kandace,Adicot,kadicotoj@barnesandnoble.com,Female,20.112.103.208
885,Pierce,Cumes,pcumesok@scribd.com,Male,3.141.205.75
886,Vickie,Edgcombe,vedgcombeol@irs.gov,Female,38.139.93.87
887,Rob,Collcott,rcollcottom@abc.net.au,Male,205.246.129.62
888,Hewitt,Denzey,hdenzeyon@gizmodo.com,Male,121.192.82.31
889,Herve,Massenhove,hmassenhoveoo@intel.com,Male,183.231.182.160
890,Reynold,Tatam,rtatamop@sitemeter.com,Male,120.111.169.189
891,Rodney,Cohan,rcohanoq@jugem.jp,Male,12.3.248.177
892,Josie,Ludwig,jludwigor@hexun.com,Female,183.106.44.252
893,Heida,Habergham,hhaberghamos@youtu.be,Female,101.227.236.2
894,Rori,Markovich,rmarkovichot@privacy.gov.au,Female,192.217.237.17
895,Franny,Routhorn,frouthornou@twitpic.com,Female,82.146.164.212
896,Madalyn,MacDunleavy,mmacdunleavyov@cyberchimps.com,Female,231.235.4.33
897,Erich,Bartles,ebartlesow@imgur.com,Polygender,251.248.50.32
898,Prent,Ashburne,pashburneox@intel.com,Male,64.72.255.99
899,Charlena,Hallowes,challowesoy@artisteer.com,Female,0.73.54.214
900,Dwight,Reagan,dreaganoz@salon.com,Male,222.20.163.179
901,Mycah,Skingle,mskinglep0@theatlantic.com,Male,242.151.252.221
902,Vern,Goddard,vgoddardp1@drupal.org,Male,41.113.201.32
903,Celene,Ovendale,covendalep2@independent.co.uk,Female,97.217.120.202
904,Nicholle,Whiley,nwhileyp3@google.ru,Female,147.47.206.254
905,Arthur,Heale,ahealep4@jimdo.com,Male,120.141.231.90
906,Ric,Lydiatt,rlydiattp5@spotify.com,Male,243.37.178.148
907,Ciel,Hearty,cheartyp6@hubpages.com,Female,97.118.29.4
908,Averyl,Saph,asaphp7@irs.gov,Female,252.154.79.192
909,Cilka,Speer,cspeerp8@miibeian.gov.cn,Female,193.161.115.164
910,Dunc,Goshawk,dgoshawkp9@purevolume.com,Male,116.137.59.226
911,Pail,Nel,pnelpa@wix.com,Male,153.106.26.225
912,Cordy,Burgne,cburgnepb@ycombinator.com,Male,26.253.201.155
913,Anestassia,Mersh,amershpc@prweb.com,Female,98.247.211.181
914,Lyda,Breddy,lbreddypd@weather.com,Female,133.171.95.196
915,Matthias,McClenan,mmcclenanpe@google.pl,Male,155.40.105.206
916,Carmela,Rodwell,crodwellpf@yahoo.com,Female,225.163.184.69
917,Tabor,Southern,tsouthernpg@taobao.com,Male,121.18.43.49
918,Dinnie,Eldredge,deldredgeph@zdnet.com,Polygender,207.230.193.178
919,Nancie,Norridge,nnorridgepi@wufoo.com,Female,101.243.115.191
920,Wanids,Petras,wpetraspj@hao123.com,Female,152.195.51.0
921,Alexa,Openshaw,aopenshawpk@fotki.com,Female,168.81.57.159
922,Guthrey,Pitson,gpitsonpl@cargocollective.com,Male,217.3.137.242
923,Friedrich,MacMakin,fmacmakinpm@bbc.co.uk,Male,183.103.225.146
924,Andrus,Zanardii,azanardiipn@squarespace.com,Male,32.232.16.37
925,Sargent,Dowbekin,sdowbekinpo@devhub.com,Male,115.224.156.254
926,Hermann,Reay,hreaypp@canalblog.com,Polygender,242.53.111.92
927,Rafi,Kettel,rkettelpq@reuters.com,Male,242.178.140.226
928,Coleman,Mullord,cmullordpr@freewebs.com,Male,6.86.124.124
929,Talia,Gunter,tgunterps@ucsd.edu,Female,101.250.5.153
930,Frederick,Rummings,frummingspt@samsung.com,Male,99.62.58.193
931,Norry,Robbeke,nrobbekepu@imgur.com,Female,161.0.245.103
932,Rustin,O'Nowlan,ronowlanpv@flavors.me,Male,202.196.120.27
933,Wilona,Champneys,wchampneyspw@photobucket.com,Non-binary,23.17.245.145
934,Balduin,Freiburger,bfreiburgerpx@cnet.com,Male,234.233.163.240
935,Jameson,Beine,jbeinepy@spotify.com,Male,188.198.152.206
936,Peria,Bulled,pbulledpz@vimeo.com,Genderfluid,90.17.239.65
937,Orelia,Ganforthe,oganfortheq0@slate.com,Female,114.168.109.96
938,Karine,Billingsley,kbillingsleyq1@qq.com,Female,37.31.163.253
939,Aguistin,Porte,aporteq2@cnbc.com,Male,195.164.43.11
940,Quentin,Mulford,qmulfordq3@psu.edu,Male,128.109.125.29
941,Christabel,Blankett,cblankettq4@a8.net,Female,195.224.111.135
942,Darbee,Beevers,dbeeversq5@tripadvisor.com,Male,19.40.49.188
943,Mathilda,Danell,mdanellq6@tiny.cc,Female,198.46.47.125
944,Job,Quibell,jquibellq7@chronoengine.com,Male,11.166.194.0
945,Harriette,Ferreo,hferreoq8@hexun.com,Female,9.140.84.134
946,Janek,de Grey,jdegreyq9@seesaa.net,Male,140.112.46.144
947,Ricky,McCloud,rmccloudqa@comsenz.com,Male,68.64.42.161
948,Bealle,Atkirk,batkirkqb@technorati.com,Male,44.238.251.116
949,Ilaire,Meconi,imeconiqc@networkadvertising.org,Male,246.229.89.57
950,Morty,Plevey,mpleveyqd@techcrunch.com,Male,47.236.239.99
951,Curcio,Roscher,croscherqe@mapy.cz,Male,214.183.113.84
952,Gilberta,Topaz,gtopazqf@stanford.edu,Female,189.216.76.109
953,Catherine,Smithson,csmithsonqg@dell.com,Female,231.19.223.87
954,Nanni,Gall,ngallqh@aboutads.info,Female,131.223.127.86
955,Mirabella,Grishukhin,mgrishukhinqi@loc.gov,Female,50.19.213.120
956,Jan,Acock,jacockqj@ustream.tv,Male,162.83.111.154
957,Kate,Vannoni,kvannoniqk@51.la,Female,174.210.228.22
958,Kris,Gaines,kgainesql@china.com.cn,Female,114.23.30.253
959,Abe,Walch,awalchqm@goo.gl,Male,67.177.241.226
960,Augustine,Griffoen,agriffoenqn@facebook.com,Genderfluid,202.82.114.31
961,Aubrey,Dudney,adudneyqo@mozilla.com,Female,29.67.125.151
962,Pernell,Bugdale,pbugdaleqp@nytimes.com,Male,250.246.134.69
963,Lila,Cloy,lcloyqq@nature.com,Female,233.247.91.151
964,Raimondo,Crutch,rcrutchqr@bbc.co.uk,Male,222.70.87.158
965,Benyamin,Brouard,bbrouardqs@tinyurl.com,Genderfluid,101.229.141.204
966,Georg,Widocks,gwidocksqt@patch.com,Male,130.57.55.253
967,Katrinka,Lethardy,klethardyqu@sohu.com,Bigender,160.12.142.24
968,Erena,Vondrys,evondrysqv@unesco.org,Polygender,202.28.114.126
969,Nita,Roddick,nroddickqw@squidoo.com,Female,219.32.129.180
970,Krispin,Esh,keshqx@deliciousdays.com,Male,205.60.151.204
971,Kassandra,Kermit,kkermitqy@multiply.com,Female,209.202.51.164
972,Andrei,Postlewhite,apostlewhiteqz@squidoo.com,Female,23.128.22.3
973,Yule,Gogan,ygoganr0@ibm.com,Male,174.95.118.173
974,Lincoln,Caroline,lcaroliner1@ning.com,Male,134.177.175.21
975,Nikoletta,Bridgewater,nbridgewaterr2@nydailynews.com,Female,201.50.237.199
976,Towney,Duffill,tduffillr3@forbes.com,Male,64.4.232.156
977,Krisha,Borgars,kborgarsr4@wufoo.com,Male,42.94.27.142
978,Creight,Ayerst,cayerstr5@wikipedia.org,Male,104.123.208.143
979,Dyane,Himsworth,dhimsworthr6@freewebs.com,Female,55.171.37.219
980,Marlyn,Blackborn,mblackbornr7@msu.edu,Female,20.194.154.15
981,Cyrille,Le Provost,cleprovostr8@phpbb.com,Male,74.115.48.21
982,Bonnibelle,Sweatman,bsweatmanr9@hugedomains.com,Female,46.88.133.50
983,Orelia,Faraker,ofarakerra@slashdot.org,Female,3.72.54.25
984,Wally,Liverseege,wliverseegerb@accuweather.com,Genderqueer,159.44.55.154
985,Candida,Gummer,cgummerrc@ucoz.ru,Female,68.71.10.39
986,Pepita,Teese,pteeserd@columbia.edu,Female,196.73.36.21
987,Aurie,Janiak,ajaniakre@topsy.com,Female,240.78.15.234
988,Aryn,Aldiss,aaldissrf@jigsy.com,Genderqueer,206.238.234.241
989,Pierrette,Bruna,pbrunarg@dot.gov,Female,2.162.10.37
990,Olivette,Amery,oameryrh@shareasale.com,Female,180.33.248.125
991,Robbie,Hughf,rhughfri@delicious.com,Male,106.5.49.188
992,Arturo,Redihough,aredihoughrj@tamu.edu,Male,17.185.0.157
993,Lindon,Brankley,lbrankleyrk@engadget.com,Male,132.114.240.158
994,Kenon,Revely,krevelyrl@baidu.com,Male,112.40.184.190
995,Reagen,Birtwhistle,rbirtwhistlerm@trellian.com,Male,26.189.146.3
996,Clarabelle,Singh,csinghrn@reference.com,Female,188.151.63.21
997,Nessie,Brewerton,nbrewertonro@aol.com,Female,9.108.30.195
998,Dick,Lates,dlatesrp@huffingtonpost.com,Male,115.61.243.247
999,Loralie,Domange,ldomangerq@shop-pro.jp,Female,173.51.207.155
1000,Esra,Colafate,ecolafaterr@aboutads.info,Male,98.20.188.30
